Model,Set,Accuracy,Precision,Recall,F1 Score,AUC
Logistic Regression,Train,0.696,0.642,0.319,0.426,0.712
Logistic Regression,Validation,0.685,0.614,0.299,0.403,0.704
Logistic Regression,Test,0.688,0.611,0.327,0.426,0.706
Random Forest,Train,0.697,0.726,0.231,0.35,0.738
Random Forest,Validation,0.671,0.622,0.18,0.279,0.702
Random Forest,Test,0.68,0.636,0.224,0.331,0.718
XGBoost,Train,0.72,0.656,0.441,0.527,0.749
XGBoost,Validation,0.67,0.553,0.354,0.432,0.708
XGBoost,Test,0.705,0.618,0.439,0.513,0.724
