Set,Model,Threshold,Accuracy,Precision,Recall,F1 Score,AUC,SetOrder
Test,Random Forest,0.7,0.68,0.636,0.224,0.331,0.718,0
Test,XGBoost,-,0.705,0.618,0.439,0.513,0.724,0
Test,Logistic Regression,0.63,0.688,0.611,0.327,0.426,0.706,0
Validation,Random Forest,0.7,0.671,0.622,0.18,0.279,0.702,1
Validation,Logistic Regression,0.63,0.685,0.614,0.299,0.403,0.704,1
Validation,XGBoost,-,0.67,0.553,0.354,0.432,0.708,1
Train,Random Forest,0.7,0.697,0.726,0.231,0.35,0.738,2
Train,XGBoost,-,0.72,0.656,0.441,0.527,0.749,2
Train,Logistic Regression,0.63,0.696,0.642,0.319,0.426,0.712,2
